{
  "type": "create:crushing",
  "ingredients": [
    {
      "item": "minecraft:lapis_ore"
    }
  ],
  "results": [
    {
      "item": "minecraft:lapis_lazuli",
      "count": 12
    },
    {
      "item": "minecraft:lapis_lazuli",
      "chance": 0.5
    },
    {
      "item": "thermal:sulfur",
      "chance": 0.25
    },
    {
      "item": "create:experience_nugget",
      "chance": 0.75
    },
    {
      "item": "minecraft:gravel",
      "chance": 0.2
    }
  ],
  "processingTime": 250
}