{
  "type": "create:crushing",
  "ingredients": [
    {
      "tag": "forge:ores/lead"
    }
  ],
  "results": [
    {
      "item": "create:crushed_lead_ore",
      "count": 2
    },
    {
      "item": "create:crushed_silver_ore",
      "chance": 0.1
    },
    {
      "item": "create:experience_nugget",
      "chance": 0.75
    },
    {
      "item": "minecraft:gravel",
      "chance": 0.2
    }
  ],
  "processingTime": 400,
  "conditions": [
    {
      "value": {
        "tag": "forge:ores/lead",
        "type": "forge:tag_empty"
      },
      "type": "forge:not"
    }
  ]
}